1,GAVAN HOBBLE,KOLKATA,140058
2,FALKNER BRAILSFORD,PATNA,258813
3,ISA GRIEVSON,PATNA,304470
4,ARABELLA SIMCOX,PATNA,251113
5,MARSIELLA RAINY,MYSORE,117296
6,WILEK CHILDERS,GURGAON,57901
7,JEPHTHAH JOSS,KANPUR,128944
8,LISABETH GLADECHE,DELHI,335021
9,AXE LAMBERTZ,DELHI,107004
10,LINNELL FAIR,KOLKATA,434877
11,JENN BESEKE,KANPUR,318745
12,FEODOR LUMB,KOLKATA,280798
13,DORETTA RITMEIER,PATNA,399124
14,REBECCA BROWSE,BANGALORE,197349
15,ADRIANNA RUNACRES,GURGAON,121548
16,CHRISTINA BOLDOCK,GURGAON,209904
17,VANCE CHETTER,MYSORE,370045
18,TEIRTZA SHAPTER,KOLKATA,240394
19,EVELIN DESAUR,GURGAON,375436
20,NESTA ROSET,KOLKATA,305998
21,REIDAR OVENELL,KANPUR,494303
22,HERTA ADDINGTON,KOLKATA,364785
23,CHANNA MACGRAGH,KANPUR,36413
24,JAQUELIN LEFLEY,MUMBAI,430737
25,LOREN TOWNROW,MUMBAI,181629
26,JESSIKA EDBROOKE,MYSORE,34272
27,CARMA FORTON,KANPUR,462208
28,KATY SKAID,MUMBAI,28329
29,GIOVANNI CAREN,GURGAON,450525
30,WILHELMINE ICKOV,GURGAON,327267
31,KARISSA RIDES,PATNA,439902
32,JOHNY PLAIL,BANGALORE,116144
33,BARN MEDLAND,PATNA,161164
34,AUROORA VERCHAMBRE,KOLKATA,256716
35,BRIGITTA MCMURTYR,MUMBAI,383274
36,PADDY COSLETT,KANPUR,455976
37,IDA DELGADILLO,KOLKATA,317642
38,CAREN CAWCUTT,BANGALORE,437651
39,OREL MEDLAND,KOLKATA,296665
40,BARRON AYLING,GURGAON,310259
41,ANDEE BOULDING,MUMBAI,212308
42,ANDRUS GERAUDY,MYSORE,462430
43,JEWEL LANNON,MUMBAI,497454
44,ORVILLE YANCEY,KOLKATA,318801
45,VINNIE FOLLACARO,MYSORE,422891
46,EPHREM LUCEY,DELHI,141827
47,BRYAN GODBER,GURGAON,68454
48,DENI PINCKSTONE,MUMBAI,164204
49,HERMINIA AYCE,KANPUR,39222
50,ARCHIBALDO FIBBEN,MUMBAI,44822
51,CLARESTA WELLBELOVE,MUMBAI,266363
52,NANCY KLIMECKI,MUMBAI,6881
53,MARLO UPPETT,KANPUR,170127
54,ELLIOTT REITH,KANPUR,90990
55,GERIK SWETENHAM,MUMBAI,372001
56,ANDONIS SKEATES,KANPUR,322864
57,JOYCELIN REALY,PATNA,427714
58,RAMONDA ROMAYNE,PATNA,428679
59,LYNDY MINETT,PATNA,470066
60,CHROTOEM LEALLE,KANPUR,206521
61,JERALD MCSHEA,DELHI,319595
62,YOLANE CHRISTOFFELS,MYSORE,180611
63,LAURETTA WOOLLER,MUMBAI,203117
64,CURRAN CLEOBURY,MYSORE,177417
65,MERRICK DOMM,DELHI,65213
66,DARN DAWID,MYSORE,25953
67,HERBIE GRANLEESE,KOLKATA,15000
68,ARNEY GRIEG,KOLKATA,136978
69,WILLY GOBLE,GURGAON,434202
70,ADENA STAINBURN,KANPUR,347086
71,JERRY COVELY,KOLKATA,192068
72,JOSSELYN LANFRANCONI,PATNA,472882
73,MAGDALEN SPEEK,DELHI,6135
74,ROBINETT PAVETT,GURGAON,177785
75,BENEDICT TOMKIES,MUMBAI,395309
76,SIBILLA GLASSPOOL,KOLKATA,219730
77,KELSEY MAIDEN,PATNA,182562
78,NOELLYN DEAVE,BANGALORE,22890
79,RUTGER STEERS,MYSORE,210785
80,ROBY AXELL,GURGAON,333389
81,CELESTYNA TOHILL,GURGAON,485118
82,PORTY GOODYER,MYSORE,227067
83,ARVIN MADLE,MYSORE,115970
84,JANIFER FERGYSON,KANPUR,272266
85,RICKI MANNOOCH,MYSORE,7927
86,ANSON TOLOTTI,KOLKATA,255104
87,ALEECE JUNKINSON,KOLKATA,325147
88,TURNER GEATOR,BANGALORE,15028
89,VINSON PERRIS,GURGAON,297674
90,THEO GREVE,DELHI,90649
91,AVELINE BIZZEY,GURGAON,154388
92,AD TAUNTON,GURGAON,429850
93,THERESA PATRIDGE,MYSORE,454771
94,PERRINE RANDELL,KOLKATA,387024
95,MARJ LAUGIER,BANGALORE,257133
96,VERADIS MIDGLEY,BANGALORE,90986
97,GALLARD VANYARD,KOLKATA,77818
98,RAVID ANTCLIFFE,KANPUR,72814
99,CYB YURMANOVEV,GURGAON,492888
100,BOWIE KIDDELL,MUMBAI,187029
